PeakListFileName,scan,Protein1,RealLinkage1,Protein2,RealLinkage2,exp charge,exp m/z,CrosslinkerModMass,RT(min),Abundances (Light): 1,Abundances (Light): 2,Abundances (Light): 3,Abundances (Light): 4,Abundances (Light): 5,Count,new m/z,Abundances (Heavy): 1,Abundances (Heavy): 2,Abundances (Heavy): 3,Abundances (Heavy): 4,Abundances (Heavy): 5,Count 2,heavy average,light average,log2(heavy/light)
recal_20240708_IspE_U24R1_XL3.mgf,23240,ispE,S208,ispE,K96,4,946.202,196.085,112.511,276078.2759,209846.5156,410493.2812,349168.9221,704900.9558,1,949.21265,1000,1000,1000,1000,1000,0,1000,390097.5901,-8.607691276
recal_20240708_IspE_U24R1_XL3.mgf,32621,ispE,S208,ispE,K186,4,1107.307,196.085,152.8493,334317.8969,49331.90625,79855.44535,1000,242980.9248,1,1110.31765,1000,1000,1000,1000,1000,0,1000,141497.2347,-7.144630048
recal_20240708_IspE_U24R1_XL1.mgf,16908,ispE,K196,ispE,K96,5,580.309,196.085,85.1724,1000,1000,1000,1000,1000,0,582.71752,3461550.91,1000,733813.0294,2929546.184,666527.7614,1,1558487.577,1000,10.60593094
recal_20240708_IspE_U24R1_XL1.mgf,16914,ispE,K196,ispE,K96,4,725.134,196.085,85.1982,1000,1000,1000,1000,1000,0,728.14465,5048079.642,1000,1004347.12,2409138.511,692569.0932,1,1831026.873,1000,10.83843725
recal_20240708_IspE_U24R1_XL1.mgf,19129,ispE,K196,ispE,K76,5,677.371,196.085,94.7227,2390554.198,2453121,2389482.172,3256280.119,4006081.052,1,679.77952,1258119.734,1000,363890.6,1200162.905,286375.4963,1,621909.747,2899103.708,-2.22082981
recal_20240708_IspE_U24R1_XL1.mgf,21390,ispE,K76,ispE,K96,3,929.503,196.085,104.445,169881.5192,247499.9063,199371.6774,91119.19217,1000,1,933.5172,1000,1000,1000,1000,1000,0,1000,141774.459,-7.147453841
recal_20240708_IspE_U24R1_XL3.mgf,31346,ispE,K196,ispE,K10,3,1015.219,196.085,147.3668,7419.772203,27963.48047,26362.67291,1000,5076.40257,1,1019.2332,1000,1000,1000,1000,1000,0,1000,13564.46563,-3.761760309
recal_20240708_IspE_U24R1_XL3.mgf,19434,ispE,K196,ispE,K76,4,846.463,196.085,96.1452,959970.4546,1195297.875,682878.0499,1097940.104,1248481.946,1,849.47365,437981.8428,1000,1000,254815.1473,1000,1,139159.398,1036913.686,-2.897485559
recal_20240708_IspE_U24R1_XL1.mgf,15885,ispE,S208,ispE,K196,4,578.27,196.085,80.7735,1000,1000,1000,1000,1000,0,581.28065,405273.0982,1000,1000,165906.1021,1000,1,114835.8401,1000,6.843429165
recal_20240708_IspE_U24R1_XL3.mgf,17217,ispE,K196,ispE,K96,3,966.51,196.085,86.6121,1000,1000,1000,1000,1000,0,970.5242,1535347.335,1000,1000,257284.7393,1000,1,359126.4149,1000,8.488347962
recal_20240708_IspE_U24R1_XL1.mgf,29257,ispE,K196,ispE,K271,5,717.789,196.085,138.2731,431132.4583,1751443.75,828756.2947,956531.472,1500773.963,2,720.19752,287053.2487,1000,122809.4495,311777.4877,131859.8336,1,170900.0039,1093727.588,-2.678029119
recal_20240708_IspE_U24R1_XL4.mgf,16927,ispE,K196,ispE,K96,4,560.561,196.085,86.5794,429216.7588,463981.75,252671.9356,426113.2786,398698.3862,1,563.57165,1000,1000,1000,1000,1000,0,1000,394136.4218,-8.622551264
recal_20240708_IspE_U24R1_XL3.mgf,24324,ispE,S208,ispE,K76,5,854.223,196.085,117.1722,217635.7728,534827.25,284995.851,362271.7972,881625.6807,1,856.63152,1000,1000,1000,1000,1000,0,1000,456271.2704,-8.833748005
recal_20240708_IspE_U24R1_XL1.mgf,32570,ispE,K196,ispE,K271,4,892.726,196.085,152.519,1000,1000,1000,1000,1000,0,895.73665,621476.0651,1000,1000,234266.7556,1000,1,171748.5641,1000,7.424154228
recal_20240708_IspE_U24R1_XL3.mgf,34641,ispE,S208,ispE,K10,4,982.739,196.085,161.5353,22924.13183,26559.83203,30059.54404,1000,1000,1,985.74965,1000,1000,1000,1000,1000,0,1000,16308.70158,-4.027570021
recal_20240708_IspE_U24R1_XL4.mgf,19394,ispE,K196,ispE,K76,6,564.644,196.085,96.9408,1212462.098,1420678,1179170.147,1791528.076,2194799.157,1,566.6511,606148.697,1000,218233.2174,652198.083,252387.8952,1,345993.5785,1559727.496,-2.172476826
recal_20240708_IspE_U24R1_XL4.mgf,16934,ispE,K196,ispE,K96,3,747.077,196.085,86.6088,272973.5833,244939.7969,161861.4897,222881.2197,147888.3695,1,751.0912,1000,1000,1000,1000,1000,0,1000,210108.8918,-7.714993408
recal_20240708_IspE_U24R1_XL4.mgf,27979,ispE,K196,ispE,K204,4,774.388,196.085,132.9978,24039907.18,29372615.27,36104179.36,31949248.92,21365092.02,4,777.39865,3092406.007,1000,1414641.841,2729583.817,483402.6837,1,1544206.87,28566208.55,-4.209371626
recal_20240708_IspE_U24R1_XL2.mgf,24788,ispE,K196,ispE,S208,4,774.391,196.085,119.5726,1818099.018,2213143.203,2418979.106,1352211.571,1619776.982,4,777.40165,1000,1000,1000,1000,1000,0,1000,1884441.976,-10.87992166
recal_20240708_IspE_U24R1_XL4.mgf,31379,ispE,K196,ispE,K10,4,761.668,196.085,147.2778,1449720.225,2325765.25,1239394.719,1046251.126,1571827.514,1,764.67865,1000,1000,1000,1000,1000,0,1000,1526591.767,-10.5760986
recal_20240708_IspE_U24R1_XL1.mgf,26357,ispE,T238,ispE,K196,3,957.793,196.085,125.8031,47154.21886,38281.90234,1000,1000,1000,1,961.8072,1000,1000,1000,1000,1000,0,1000,17687.22424,-4.14463575
recal_20240708_IspE_U24R1_XL2.mgf,27522,ispE,K196,ispE,K204,3,1026.507,196.085,131.0554,1000,1000,90217.05455,1000,1000,1,1030.5212,1000,1000,1000,1000,1000,0,1000,18843.41091,-4.235988231
recal_20240708_IspE_U24R1_XL3.mgf,18162,ispE,K196,ispE,K76,5,680.568,196.085,90.6756,1000,1000,1000,1000,1000,0,682.97652,317100.3569,141737.5313,193536.2964,1000,1000,1,130874.8369,1000,7.032043929
recal_20240708_IspE_U24R1_XL2.mgf,26553,ispE,K196,ispE,Y16,3,716.737,196.085,126.9856,36400.8213,89318.91406,65748.61659,63826.12025,76135.13615,1,720.7512,1000,1000,1000,1000,1000,0,1000,66285.92167,-6.050630587
recal_20240708_IspE_U24R1_XL1.mgf,33261,ispE,T161,ispE,K271,5,1017.934,196.085,155.4903,1000,1000,1000,1000,1000,0,1020.34252,1000,22417.67773,84166.68514,1000,1000,1,21916.87257,1000,4.453970043
recal_20240708_IspE_U24R1_XL2.mgf,25953,ispE,K196,ispE,K204,4,806.413,196.085,124.4656,289268.209,374731.1875,1000,406171.2643,1000,1,809.42365,1000,1000,1000,1000,1000,0,1000,214434.1322,-7.744390752
recal_20240708_IspE_U24R1_XL1.mgf,19526,ispE,S208,ispE,K196,3,765.016,196.085,96.4298,596633.5849,1000,151516.2431,212917.3338,767795.1988,1,769.0302,1000,1000,1000,1000,1000,0,1000,345972.4721,-8.434513442
recal_20240708_IspE_U24R1_XL3.mgf,20948,ispE,K196,ispE,S198,3,538.646,196.085,102.6554,1053961.485,844204.75,1045131.449,1162789.336,1213270.42,1,542.6602,571128.1041,1000,88644.65427,500951.1952,132883.8874,1,258921.5682,1063871.488,-2.038736837
recal_20240708_IspE_U24R1_XL1.mgf,26576,ispE,K196,ispE,K271,5,717.986,196.085,126.7448,105402.0459,100927.0156,98346.63367,164195.5059,140503.907,1,720.39452,1000,1000,1000,1000,1000,0,1000,121875.0216,-6.929258665
recal_20240708_IspE_U24R1_XL2.mgf,18691,ispE,S208,ispE,K196,3,771.02,196.085,93.9652,717649.0434,203709.4375,446492.1318,797406.4992,1218869.751,2,775.0342,1000,1000,1000,1000,1000,0,1000,676825.3727,-9.402639843
recal_20240708_IspE_U24R1_XL3.mgf,33760,ispE,T161,ispE,K271,5,1017.931,196.085,157.747,1000,18750.99609,20298.85758,47806.91691,1000,1,1020.33952,20513.73184,52498.55469,44220.63682,71175.8052,27751.65059,3,43232.07583,17771.35412,1.282548496
recal_20240708_IspE_U24R1_XL4.mgf,12067,ispE,K196,ispE,S276,4,444.499,196.085,66.1674,1111411.731,1249276.375,879015.8506,901106.2341,700996.7132,1,447.50965,1071264.657,40422.27344,160526.355,520838.0987,118112.4826,1,382232.7734,968361.3807,-1.341094061
recal_20240708_IspE_U24R1_XL4.mgf,12068,ispE,K196,ispE,S276,5,355.8,196.085,66.1716,154275.2614,204121.4219,141024.9519,141201.4068,99986.56858,1,358.20852,142420.5582,1000,39226.963,71548.18383,1000,1,51039.141,148121.9221,-1.537109222
recal_20240708_IspE_U24R1_XL2.mgf,33353,ispE,K186,ispE,K204,5,1061.355,196.085,155.5456,16483.57622,12382.29785,7868.254618,1000,1000,1,1063.76352,1000,1974810.125,1000,2329511.366,3462972.512,1,1553858.801,7746.825738,7.648034409
recal_20240708_IspE_U24R1_XL2.mgf,24817,ispE,K196,ispE,K204,5,619.712,196.085,119.6944,268580.8227,310216.8438,350197.3773,150024.9005,228873.3665,1,622.12052,1000,1000,1000,1000,1000,0,1000,261578.6622,-8.03110105
recal_20240708_IspE_U24R1_XL3.mgf,33355,ispE,K186,ispE,K204,5,1074.155,196.085,156.0055,1000,1000,518238.3984,1000,1000,1,1076.56352,1000,3609.941895,18842.85486,48985.93242,70782.4412,2,28644.23408,104447.6797,-1.866463776
recal_20240708_IspE_U24R1_XL2.mgf,33416,ispE,K204,ispE,K271,5,1040.731,196.085,155.8102,1000,1000,1000,1000,1000,0,1043.13952,158277.3489,87858.40479,105133.7417,154680.3266,1000,2,101389.9644,1000,6.663771051
recal_20240708_IspE_U24R1_XL1.mgf,27526,ispE,K196,ispE,K204,3,1032.514,196.085,130.8298,490007.3182,957069.25,853961.1139,306004.6687,383656.8322,5,1036.5282,1000,1000,1000,1000,74109.72261,1,15621.94452,598139.8366,-5.258836858
recal_20240708_IspE_U24R1_XL2.mgf,28671,ispE,K196,ispE,K204,4,774.636,196.085,135.8812,1000,1000,1000,213383.5707,177999.9828,1,777.64665,71614.9402,1000,42146.89178,86805.47275,1000,1,40513.46095,78876.7107,-0.961198054
recal_20240708_IspE_U24R1_XL1.mgf,33376,ispE,T161,ispE,K271,5,1018.124,196.085,155.9848,1000,1000,1000,1000,1000,0,1020.53252,85141.41457,1000,63774.50132,194606.1502,32746.63058,4,75453.73934,1000,6.237520495
recal_20240708_IspE_U24R1_XL4.mgf,20309,ispE,K196,ispE,S208,3,771.022,196.085,100.7838,1000,1000,1000,1000,109629.572,1,775.0362,1000,1000,1000,1000,1000,0,1000,22725.91439,-4.506266438
recal_20240708_IspE_U24R1_XL2.mgf,28216,ispE,K196,ispE,K204,3,1084.541,196.085,133.9702,248309.2494,286712.1875,203957.9126,166882.6268,200258.9417,1,1088.5552,1000,1000,49854.42354,49586.05115,1000,1,20488.09494,221224.1836,-3.432651357
recal_20240708_IspE_U24R1_XL2.mgf,32677,ispE,S208,ispE,T201,3,815.721,196.085,152.7064,1980380.71,1958280.25,2083750.753,1446730.623,1463351.288,1,819.7352,80921.58024,1000,1000,1000,166224.9172,2,50029.29949,1786498.725,-5.158217822
recal_20240708_IspE_U24R1_XL1.mgf,26409,ispE,S285,ispE,K271,7,656.33,196.085,126.0267,56946.73363,83416.49609,42327.36461,68687.71885,97862.62635,3,658.0503714,1000,1000,1000,1000,1000,0,1000,69848.1879,-6.126150783
recal_20240708_IspE_U24R1_XL2.mgf,28505,ispE,K196,ispE,T201,4,813.656,196.085,135.184,1000,1000,1000,1000,1000,0,816.66665,514938.7208,595265.5859,818244.9078,214968.71,627114.8431,4,554106.5535,1000,9.11401962
recal_20240708_IspE_U24R1_XL2.mgf,27847,ispE,K196,ispE,K204,3,1084.215,196.085,132.4204,143218.8606,207593.8125,180046.4118,51511.50969,52541.22844,2,1088.2292,1000,1000,1000,1000,1000,0,1000,126982.3646,-6.988484338
recal_20240708_IspE_U24R1_XL3.mgf,28035,ispE,K196,ispE,K204,4,813.411,196.085,133.1295,875388.2783,1092029.5,1195202.553,423567.7476,574834.7569,2,816.42165,1291513.651,1129283,401274.0467,538297.2159,606128.9107,2,793299.3649,832204.5671,-0.069072812
recal_20240708_IspE_U24R1_XL1.mgf,21443,ispE,K76,ispE,S88,4,697.623,196.085,104.6729,1000,1000,1000,1000,1000,0,700.63365,147366.6959,1000,125883.2751,1000,1000,1,55249.99421,1000,5.787902408
recal_20240708_IspE_U24R1_XL3.mgf,31902,ispE,K196,ispE,K204,3,1078.541,196.085,149.7576,65390.84464,127418.7422,37980.70539,57177.83685,54190.75008,1,1082.5552,1000,1000,1000,1000,1000,0,1000,68431.77583,-6.096594481
recal_20240708_IspE_U24R1_XL2.mgf,28311,ispE,K196,ispE,K204,3,1078.538,196.085,134.3692,1000,110621.9141,1000,1000,1000,1,1082.5522,1000,1000,1000,1000,1000,0,1000,22924.38281,-4.518810988
recal_20240708_IspE_U24R1_XL1.mgf,28046,ispE,K196,ispE,S198,4,813.657,196.085,133.0658,1490744.889,1742924.375,1677606.961,1082738.824,1410991.553,1,816.66765,514938.7208,595265.5859,767825.3862,214968.71,601702.8221,3,538940.245,1481001.321,-1.458375699
recal_20240708_IspE_U24R1_XL3.mgf,28954,ispE,K196,ispE,T201,4,813.413,196.085,137.0812,1228652.992,2298172.688,792648.52,660423.061,712163.9159,2,816.42365,1373970.786,1197071.594,462642.8961,447785.7246,575823.5464,3,811458.9094,1138412.235,-0.488433126
recal_20240708_IspE_U24R1_XL3.mgf,29352,ispE,K196,ispE,K204,3,1078.537,196.085,138.7926,1000,73548.34375,52661.8819,63939.5403,61987.24543,1,1082.5512,1000,1000,1000,1000,1000,0,1000,50627.40228,-5.661846555
recal_20240708_IspE_U24R1_XL1.mgf,14323,ispE,K76,ispE,K196,4,494.02,196.085,74.0569,479461.8931,459963.9375,204229.9994,284036.2892,1000,1,497.03065,329939.333,1000,1000,127178.0946,1000,1,92023.48552,285738.4238,-1.634621045
recal_20240708_IspE_U24R1_XL4.mgf,29405,ispE,K196,ispE,K204,4,809.154,196.085,138.987,750137.2097,982915.4688,594172.4157,1106808.925,771646.7558,3,812.16465,393271.2532,304300.2813,105841.5981,115392.8236,1000,1,183961.1912,841136.155,-2.192937904
recal_20240708_IspE_U24R1_XL3.mgf,29325,ispE,K196,ispE,K204,5,651.126,196.085,138.6765,215779.7257,356327.9688,277083.0233,308708.7341,467556.8022,1,653.53452,1000,1000,1000,1000,1000,0,1000,325091.2508,-8.344700919
recal_20240708_IspE_U24R1_XL3.mgf,28473,ispE,K196,ispE,K204,4,809.156,196.085,135.0129,358894.9417,748985.8438,433338.7464,135986.9835,423794.179,4,812.16665,1000,1000,1000,1000,1000,0,1000,420200.1389,-8.714932829
recal_20240708_IspE_U24R1_XL2.mgf,28037,ispE,T77,ispE,S208,3,779.339,196.085,133.2184,1000,1000,1000,1000,1000,0,783.3532,62914.48584,216228.9531,231872.7377,269856.5931,492086.935,1,254591.9409,1000,7.992042942
recal_20240708_IspE_U24R1_XL4.mgf,12074,ispE,K196,ispE,S276,3,592.329,196.085,66.1968,112405.5668,101060.0547,83203.90886,91301.45357,64116.71922,1,596.3432,88622.34904,1000,1000,51673.30933,1000,1,28659.13167,90417.54063,-1.657607778
recal_20240708_IspE_U24R1_XL5.mgf,29723,ispE,K196,ispE,K204,5,650.934,196.085,137.7296,39721.43306,78629.71875,21357.24001,41165.50661,53832.58424,1,653.34252,1000,1000,1000,1000,1000,0,1000,46941.29654,-5.552785785
recal_20240708_IspE_U24R1_XL4.mgf,32914,ispE,T161,ispE,Y170,5,1015.354,208.16,153.7248,2321815.861,3818871.284,4037488.67,587348.4409,736959.3301,1,1012.94548,1200289.403,8588.089844,1000,1000,48434.63481,4,251862.4255,2300496.717,-3.191237585
recal_20240708_IspE_U24R1_XL4.mgf,23294,ispE,S208,ispE,K96,4,949.221,208.16,113.3208,276078.2759,209846.5156,410493.2812,349168.9221,704900.9558,0,946.21035,1000,1000,1000,1000,1000,1,1000,390097.5901,-8.607691276
recal_20240708_IspE_U24R1_XL1.mgf,16826,ispE,K196,ispE,K96,5,582.725,208.16,84.8198,3541915.191,4303278.5,3349679.178,4648335.567,4948801.818,0,580.31648,1000,1000,1000,1000,1000,1,1000,4158402.051,-12.02181354
recal_20240708_IspE_U24R1_XL1.mgf,29267,ispE,K196,ispE,K271,4,900.003,208.16,138.3161,780751.781,1354302.5,175478.7328,380670.3914,532765.5697,1,896.99235,354845.1985,1000,24266.47299,80228.29154,25273.05351,1,97122.60332,644793.795,-2.730958863
recal_20240708_IspE_U24R1_XL3.mgf,18474,ispE,S208,ispE,K196,3,774.715,208.16,92.0172,74760338.29,60546538.03,64181822.69,65792990.42,55849727.67,0,770.7008,1000,1000,1000,1000,1000,2,1000,64226283.42,-15.97087619
recal_20240708_IspE_U24R1_XL1.mgf,27399,ispE,K196,ispE,K204,3,1036.208,208.16,130.2837,8505023.031,10547472.64,9348858.645,6927868.619,3214531.877,1,1032.1938,1090160.193,100942.2891,311184.3343,415914.1709,52336.12211,2,394107.4218,7708750.963,-4.289836298
recal_20240708_IspE_U24R1_XL3.mgf,17191,ispE,K196,ispE,K96,4,728.153,208.16,86.5003,5485325.333,6472011.5,4009095.073,6291344.288,4128350.843,0,725.14235,1000,1000,1000,1000,1000,1,1000,5277225.407,-12.36556389
recal_20240708_IspE_U24R1_XL1.mgf,16625,ispE,K96,ispE,K196,4,563.578,208.16,83.9555,429216.7588,463981.75,252671.9356,426113.2786,398698.3862,0,560.56735,1000,1000,1000,1000,1000,1,1000,394136.4218,-8.622551264
recal_20240708_IspE_U24R1_XL1.mgf,32562,ispE,T161,ispE,Y170,6,846.296,208.16,152.4846,1235930.425,1990409.813,2473198.406,313899.8952,417155.902,1,844.2889,918019.4073,1000,1000,341235.348,1000,2,252450.9511,1286118.888,-2.348948993
recal_20240708_IspE_U24R1_XL1.mgf,17698,ispE,S81,ispE,T86,3,771.757,208.16,88.5694,1727229.535,2394829.375,2582080.163,1734313.199,685295.1118,2,767.7428,2646342.028,378552.7813,517638.3938,1205650.425,289234.3103,2,1007483.588,1824749.477,-0.856942071
recal_20240708_IspE_U24R1_XL1.mgf,16860,ispE,K196,ispE,K96,3,970.537,208.16,84.966,1667328.755,1717173.375,1525243.926,1334158.192,303891.6855,1,966.5228,1535347.335,1000,1000,257284.7393,1000,1,359126.4149,1309559.187,-1.866517588
recal_20240708_IspE_U24R1_XL3.mgf,27714,ispE,K196,ispE,K204,4,777.409,208.16,131.7492,24299216.59,29746566.64,36599270.99,32398685.14,21365092.02,1,774.39835,3092406.007,1000,1414641.841,2729583.817,483402.6837,5,1544206.87,28881766.27,-4.225221032
recal_20240708_IspE_U24R1_XL5.mgf,33962,ispE,T161,ispE,K271,5,1020.735,208.16,155.5334,1000,1000,1000,1000,1000,1,1018.32648,16697.81038,11476.2627,15620.7789,1000,1000,0,9158.970395,1000,3.195185427
recal_20240708_IspE_U24R1_XL1.mgf,23465,ispE,T86,ispE,K76,3,881.492,208.16,113.3675,17654233.37,22319068.7,20427988.63,20131368.81,30348301.52,1,877.4778,3934253.462,798389.3125,3517834.136,3053592.016,3150509.395,3,2890915.664,22176192.2,-2.939413239
recal_20240708_IspE_U24R1_XL4.mgf,17960,ispE,S81,ispE,S88,3,771.756,208.16,90.918,1403576.17,1924546,2175350.535,1339585.465,370329.204,1,767.7418,1319256.886,235774.8125,217920.7685,350302.5554,1000,1,424851.0045,1442677.475,-1.763719926
recal_20240708_IspE_U24R1_XL4.mgf,17323,ispE,S81,ispE,S93,3,771.757,208.16,88.2426,1727229.535,2394829.375,2582080.163,1734313.199,685295.1118,2,767.7428,2646342.028,378552.7813,517638.3938,1205650.425,289234.3103,2,1007483.588,1824749.477,-0.856942071
recal_20240708_IspE_U24R1_XL2.mgf,33234,ispE,T161,ispE,K271,5,1023.949,208.16,155.0458,1000,42727.16992,56991.66568,63584.58864,30574.89352,0,1021.54048,1000,1000,1000,1000,1000,3,1000,38975.66355,-5.28450168
recal_20240708_IspE_U24R1_XL4.mgf,19393,ispE,K196,ispE,K76,6,566.656,208.16,96.9366,1212462.098,1420678,1179170.147,1791528.076,2194799.157,1,564.6489,606148.697,1000,218233.2174,652198.083,252387.8952,1,345993.5785,1559727.496,-2.172476826
recal_20240708_IspE_U24R1_XL1.mgf,15854,ispE,S208,ispE,K196,4,581.29,208.16,80.6402,3935133.391,3873156.25,3439801.746,2648133.885,2388099.312,1,578.27935,405273.0982,1000,1000,165906.1021,1000,1,114835.8401,3256864.917,-4.825839003
recal_20240708_IspE_U24R1_XL4.mgf,22184,ispE,T86,ispE,K76,4,700.395,208.16,108.6588,186228882,185168976.8,210967284.6,174592864.9,202579843.4,3,697.38435,355543.6059,73320.46875,424322.7707,271360.7479,153480.0615,10,255605.531,191907570.3,-9.552276854
recal_20240708_IspE_U24R1_XL4.mgf,29762,ispE,S208,ispE,S198,3,837.427,208.16,140.4864,802062.4295,1241752.688,925503.6861,320848.0518,328468.8888,1,833.4128,44205.78842,38513.74219,1000,81249.23741,34494.68926,4,39892.69146,723727.1487,-4.181249525
recal_20240708_IspE_U24R1_XL4.mgf,20636,ispE,T86,ispE,K76,3,938.856,208.16,102.1572,9664290.843,10240964.47,8207285.113,12502926.9,11164221.53,1,934.8418,494829.8339,330930.375,369760.6235,463683.91,444179.0389,5,420676.7563,10355937.77,-4.621602284
recal_20240708_IspE_U24R1_XL4.mgf,19757,ispE,S276,ispE,K96,5,652.561,208.16,98.4654,1000,761819.625,1094390.686,1000,2820276.729,0,650.15248,1000,1000,1000,1000,1000,2,1000,935697.408,-9.869898247
recal_20240708_IspE_U24R1_XL2.mgf,32371,ispE,T161,ispE,M1,5,976.516,208.16,151.4212,282275.708,1000,1000,48267.03695,69185.57173,2,974.10748,226749.4006,479683.0938,1406408.748,1045912.836,1832536.94,1,998258.2036,80345.66333,3.635120961
recal_20240708_IspE_U24R1_XL4.mgf,33110,ispE,T161,ispE,K271,5,1016.739,208.16,154.548,1000,1000,1000,1000,1000,2,1014.33048,384500.1219,1000,1000,128904.2961,1000,0,103280.8836,1000,6.690429438
recal_20240708_IspE_U24R1_XL3.mgf,31966,ispE,T161,ispE,K271,6,844.618,208.16,150.0328,1000,1000,1000,1000,1000,1,842.6109,63406.82495,1000,1000,9949.934883,16231.83972,0,18317.71991,1000,4.195168031
recal_20240708_IspE_U24R1_XL3.mgf,31745,ispE,K186,ispE,T161,7,808.3,208.16,149.0825,1000,41534.55273,45244.96675,17242.35346,22763.86164,0,806.5796286,1000,1000,1000,1000,1000,2,1000,25557.14692,-4.675654884
recal_20240708_IspE_U24R1_XL1.mgf,28548,ispE,K96,ispE,K204,5,916.474,208.16,135.2244,1000,22440.80859,1000,1000,57715.82363,0,914.06548,1000,1000,1000,1000,1000,1,1000,16631.32644,-4.055831331
recal_20240708_IspE_U24R1_XL4.mgf,28955,ispE,S208,ispE,T201,3,837.431,208.16,137.097,1154130.373,2037532.063,1838408.842,1018378.122,1116731.069,5,833.4168,1542962.557,640199.5625,1337109.037,620242.1378,431624.0475,3,914427.4683,1433036.094,-0.648134301
recal_20240708_IspE_U24R1_XL4.mgf,20614,ispE,T86,ispE,K76,4,704.393,208.16,102.0648,21726749.08,28231345.81,23329974.53,30324116.49,28355968.67,1,701.38235,1397867.796,746857.3125,1117597.572,1480516.217,1331682.592,6,1214904.298,26393630.92,-4.441275255
recal_20240708_IspE_U24R1_XL3.mgf,33389,ispE,T161,ispE,K271,5,1016.942,208.16,156.1517,1000,1000,1000,1000,1000,1,1014.53348,1000,21342.64063,29166.16656,49606.85953,1000,0,20423.13334,1000,4.352132318
recal_20240708_IspE_U24R1_XL3.mgf,33597,ispE,T161,ispE,K204,5,1037.937,208.16,157.0461,9153.464565,1000,28607.31207,1000,1000,0,1035.52848,1000,1000,1000,1000,1000,1,1000,8152.155327,-3.02718154
recal_20240708_IspE_U24R1_XL4.mgf,33560,ispE,T161,ispE,K76,5,1015.336,208.16,156.438,40483535.91,38361829.85,64762868.37,12436936.61,40473517.72,0,1012.92748,1000,1000,1000,1000,1000,6,1000,39303737.69,-15.2623789
recal_20240708_IspE_U24R1_XL3.mgf,33423,ispE,T161,ispE,K271,5,1013.145,208.16,156.2979,1000,31173.7832,7252.976541,1000,15341.28143,4,1010.73648,10353600.34,1000,357371.3703,28349103.2,243289.2481,2,7860872.831,11153.60824,9.461035198
recal_20240708_IspE_U24R1_XL1.mgf,33256,ispE,T161,ispE,K204,5,1041.731,208.16,155.4688,19977.14073,26197.67578,97690.10106,40098.3908,37328.87322,0,1039.32248,1000,1000,1000,1000,1000,4,1000,44258.43632,-5.467880576
recal_20240708_IspE_U24R1_XL4.mgf,33519,ispE,T161,ispE,K271,6,844.456,208.16,156.2658,1000,1000,1000,1000,1000,5,842.4489,57713.9396,11884.08789,36074.43614,398116.2922,1147939.457,0,330345.6425,1000,8.367832504
recal_20240708_IspE_U24R1_XL2.mgf,33189,ispE,T161,ispE,K271,5,1016.741,208.16,154.8568,1000,1000,1000,1000,1000,3,1014.33248,413677.6075,1000,20802.35227,176683.9411,1000,0,122632.7802,1000,6.938200858
recal_20240708_IspE_U24R1_XL4.mgf,20019,ispE,S81,ispE,K96,3,771.757,208.16,99.5658,138365854.5,133238831,123443922,145964815.6,147355741.4,1,767.7428,56517643.51,12169713,36243509.77,54219523.22,27366212,3,37303320.3,137673832.9,-1.883878425
recal_20240708_IspE_U24R1_XL4.mgf,20956,ispE,S198,ispE,K196,3,542.671,208.16,103.5012,1053961.485,844204.75,1045131.449,1162789.336,1213270.42,1,538.6568,571128.1041,1000,88644.65427,500951.1952,132883.8874,1,258921.5682,1063871.488,-2.038736837
recal_20240708_IspE_U24R1_XL1.mgf,29240,ispE,K196,ispE,K271,5,720.201,208.16,138.2,431132.4583,1751443.75,828756.2947,956531.472,1500773.963,0,717.79248,1000,1000,1000,1000,1000,2,1000,1093727.588,-10.09503774
recal_20240708_IspE_U24R1_XL1.mgf,32548,ispE,K196,ispE,K271,4,895.746,208.16,152.4244,1019384.702,1062132.875,929121.8793,715224.339,832152.5474,1,892.73535,621476.0651,1000,1000,234266.7556,1000,1,171748.5641,911603.2686,-2.40810806
recal_20240708_IspE_U24R1_XL1.mgf,11772,ispE,S276,ispE,K196,4,447.517,208.16,63.0876,16760.50047,1000,69472.89953,49397.45231,33745.1494,0,444.50635,1000,1000,1000,1000,1000,1,1000,34075.20034,-5.090650234
recal_20240708_IspE_U24R1_XL1.mgf,14290,ispE,K196,ispE,K76,4,497.04,208.16,73.915,479461.8931,459963.9375,204229.9994,284036.2892,1000,1,494.02935,329939.333,1000,1000,127178.0946,1000,1,92023.48552,285738.4238,-1.634621045
recal_20240708_IspE_U24R1_XL2.mgf,33972,ispE,T161,ispE,K271,5,1024.14,208.16,158.1454,48304.10399,84741.86719,5453.613993,59821.06242,69077.43324,2,1021.73148,16294.96626,20999.87988,13111.13943,1000,268189.8747,5,63919.17206,53479.61617,0.25725961
recal_20240708_IspE_U24R1_XL3.mgf,17359,ispE,S81,ispE,S88,4,579.069,208.16,87.2227,760783.6446,1167948.531,1115626.003,920706.1371,826928.2182,1,576.05835,2283440.183,223181.9531,507072.2929,1970933.732,358563.1058,2,1068638.253,958398.5067,0.157076001
recal_20240708_IspE_U24R1_XL1.mgf,32496,ispE,S7,ispE,Y16,3,820.468,208.16,152.2008,324846.2892,452700.9375,620583.563,130349.9015,293416.6092,2,816.4538,253505.2802,57024.5,201049.3377,38074.99934,78979.85409,2,125726.7943,364379.4601,-1.535149495
recal_20240708_IspE_U24R1_XL3.mgf,20100,ispE,K96,ispE,S81,4,704.394,208.16,99.009,22446495.23,25816193.19,20619628.52,27238265.64,25602611.53,1,701.38335,1397867.796,746857.3125,1117597.572,1480516.217,1331682.592,4,1214904.298,24344638.82,-4.324689519
recal_20240708_IspE_U24R1_XL4.mgf,19920,ispE,S81,ispE,K96,4,579.069,208.16,99.15,12932326.94,16822098,16535516.58,18386790.29,21892651.12,1,576.05835,7153151.97,2204657,5762074.294,7762844.627,4450118.149,1,5466569.208,17313876.59,-1.663221187
recal_20240708_IspE_U24R1_XL1.mgf,29877,ispE,S208,ispE,T201,3,880.127,208.16,140.9391,3222983.259,4355813.063,4107079.036,3910032.84,3668169.261,1,876.1128,94703.85121,58864.58203,144942.2061,101851.1803,58484.80747,3,91769.32541,3852815.492,-5.391757285
recal_20240708_IspE_U24R1_XL1.mgf,27045,ispE,K196,ispE,S208,4,777.407,208.16,128.7615,780056.4656,939290,697222.6032,784142.6004,829617.4198,0,774.39635,1000,1000,1000,1000,1000,2,1000,806065.8178,-9.654753834
recal_20240708_IspE_U24R1_XL4.mgf,22165,ispE,T86,ispE,K76,3,886.825,208.16,108.579,3202167.358,2965640.891,3137833.77,4757193.511,3262391.863,1,882.8108,231400.4912,1000,1000,303781.7444,99031.55709,2,127242.7586,3465045.479,-4.767218828
recal_20240708_IspE_U24R1_XL3.mgf,32890,ispE,S208,ispE,T201,3,819.743,208.16,154.006,1980380.71,1958280.25,2083750.753,1446730.623,1463351.288,1,815.7288,80921.58024,1000,1000,1000,1000,1,16984.31605,1786498.725,-6.716787951
recal_20240708_IspE_U24R1_XL1.mgf,11802,ispE,S276,ispE,K196,3,596.354,208.16,63.2166,1000,1000,1000,1000,1000,1,592.3398,88622.34904,1000,1000,51673.30933,1000,0,28659.13167,1000,4.840922994
recal_20240708_IspE_U24R1_XL1.mgf,23458,ispE,S88,ispE,K76,3,881.82,208.16,113.3374,1000,97136.23438,101338.6464,32626.38227,98409.03245,0,877.8058,1000,1000,1000,1000,1000,1,1000,66102.05909,-6.046623308
recal_20240708_IspE_U24R1_XL2.mgf,19806,ispE,S81,ispE,T86,4,579.07,208.16,98.6482,12932326.94,16822098,16535516.58,18386790.29,21892651.12,1,576.05935,7153151.97,2204657,5762074.294,7762844.627,4450118.149,1,5466569.208,17313876.59,-1.663221187
recal_20240708_IspE_U24R1_XL2.mgf,28418,ispE,K196,ispE,K204,4,816.676,208.16,134.8186,11002216.11,14841248,13166003.78,11317341.18,12321994.95,2,813.66535,472689.7701,558105.5781,724929.561,214968.71,601702.8221,4,514479.2883,12529760.8,-4.606102065